"PrimaryRecID","CandRegNumb","FilingYear","ElectionTypeKey","TransactionID","TransferEntityID","TransDate","TransRegNumb","Transferee","TransType","TransAmt","TransferCashAmount","TransferInKindAmount","TransferInKindDescriptionText","OverrideReconcile","OverrideReconcileUser","OverrideReconcileDate","ReconcileExplanation","Date_Entered","Last_Updated"
-2134694064,17066,16,"_","68","919",5/27/2016 0:00:00,20013,"Senate Victory Fund","P",$0.00,$2000.00,$0.00,,0,,,,10/27/2016 8:34:41,10/27/2016 8:34:41
-2120495886,15521,16,"_","57","861",9/12/2016 0:00:00,20010,"HRCC","P",$0.00,$1000.00,$0.00,,0,,,,10/31/2016 21:49:30,10/31/2016 21:49:30
-2107532366,16324,16,"_","146","732",2/10/2016 0:00:00,20006,"DFL House Caucus","P",$0.00,$0.00,$38.05,,0,,,,7/25/2016 8:19:21,7/25/2016 8:19:21
-2086784523,16324,16,"_","206","732",8/25/2016 0:00:00,20006,"DFL House Caucus","P",$0.00,$0.00,$59.76,,0,,,,10/31/2016 21:57:22,10/31/2016 21:57:22
-2086415123,15621,16,"_","140000000368697",,9/25/2016 0:00:00,,"Houston County DFL20088","O",$0.00,$1000.00,,"",0,,,,10/28/2016 15:55:01,10/28/2016 15:55:01
-2084334107,16745,16,"_","53","833",7/21/2016 0:00:00,20237,"Renville County RPM","P",$0.00,$250.00,$0.00,,0,,,,10/25/2016 17:01:36,10/25/2016 17:01:36
-2075974586,16986,16,"_","283","928",10/12/2016 0:00:00,20010,"HRCC","P",$0.00,$2500.00,$0.00,,0,,,,11/1/2016 2:39:26,11/1/2016 2:39:26
-2068496080,16324,16,"_","207","732",8/25/2016 0:00:00,20006,"DFL House Caucus","P",$0.00,$0.00,$49.42,,0,,,,10/31/2016 21:57:22,10/31/2016 21:57:22
-2053791893,16419,16,"_","52","764",10/14/2016 0:00:00,20011,"DFL Senate Caucus","P",$0.00,$10000.00,$0.00,,0,,,,10/31/2016 21:43:54,10/31/2016 21:43:54
-2042252280,12339,16,"_","178","839",10/12/2016 0:00:00,20003,"Minn DFL State Central Committee","P",$0.00,$1000.00,$0.00,,0,,,,10/28/2016 18:21:52,10/28/2016 18:21:52
-2035626038,17924,16,"_","160","810",9/14/2016 0:00:00,20522," 2nd Congressional District DFL","P",$0.00,$250.00,$0.00,,0,,,,10/26/2016 9:50:59,10/26/2016 9:50:59
-2031283866,17871,16,"_","137","597",9/30/2016 0:00:00,20031,"Itasca County DFL","P",$0.00,$500.00,$0.00,,0,,,,10/31/2016 18:30:56,10/31/2016 18:30:56
-2015852402,17183,16,"_","129","750",9/19/2016 0:00:00,20010,"HRCC","P",$0.00,$2500.00,$0.00,,0,,,,10/31/2016 18:17:20,10/31/2016 18:17:20
-2014723016,17309,16,"_","1","4871",4/27/2016 0:00:00,18026,"Wagner, Anthony (Tony)  Senate Dist. 44 Committee","C",$0.00,$3384.31,$0.00,,0,,,,9/19/2016 10:37:13,9/19/2016 10:37:13
-1997663323,16419,16,"_","42","764",8/25/2016 0:00:00,20011,"DFL Senate Caucus","P",$0.00,$17500.00,$0.00,,0,,,,10/31/2016 21:43:54,10/31/2016 21:43:54
-1992844705,17733,16,"_","2","3412",4/4/2016 0:00:00,17962,"Huot, John Duffy  House Dist. 57B Committee","C",$0.00,$1474.14,$0.00,,0,,,,5/27/2016 10:53:54,5/27/2016 10:53:54
-1987611431,17697,16,"_","30","3386",2/12/2016 0:00:00,17956,"Bergstrom, Donna  Senate Dist.  7 Committee","C",$0.00,$211.05,$0.00,,0,,,,2/25/2016 13:29:00,2/25/2016 13:29:00
-1984123913,16553,16,"_","19","892",9/8/2016 0:00:00,20011,"DFL Senate Caucus","P",$0.00,$10000.00,$0.00,,0,,,,10/31/2016 20:24:41,10/31/2016 20:24:41
-1980865330,17354,16,"_","66","1128",8/2/2016 0:00:00,20773,"48th Senate District RPM","P",$0.00,$250.00,$0.00,,0,,,,10/27/2016 8:37:59,10/27/2016 8:37:59
-1966850979,17318,16,"_","258","686",10/24/2016 0:00:00,20006,"DFL House Caucus","P",$0.00,$2000.00,$0.00,,0,,,,11/1/2016 2:29:06,11/1/2016 2:29:06
-1932801535,17040,16,"_","89","1038",8/25/2016 0:00:00,20406,"Goodhue County RPM","P",$0.00,$1000.00,$0.00,,0,,,,10/27/2016 9:14:11,10/27/2016 9:14:11
-1927726812,16418,16,"_","126","6236",9/21/2016 0:00:00,30649,"Unidos Votamos Political Fund","F",$0.00,$5000.00,$0.00,,0,,,,10/24/2016 13:20:45,10/24/2016 13:20:45
-1924367864,17140,16,"_",,,7/13/2016 0:00:00,20011,"DFL Senate Caucus","P",$0.00,$20000.00,,,0,,,,8/9/2016 13:04:11,8/9/2016 13:04:11
-1884129734,17393,16,"_","143","800",9/20/2016 0:00:00,20011,"DFL Senate Caucus","P",$0.00,$6500.00,$0.00,,0,,,,10/31/2016 22:30:26,10/31/2016 22:30:26
-1878145151,16324,16,"_","130","732",5/7/2016 0:00:00,20006,"DFL House Caucus","P",$0.00,$0.00,$5.42,,0,,,,7/25/2016 8:19:21,7/25/2016 8:19:21
-1864402681,17117,16,"_","92","911",10/12/2016 0:00:00,20013,"Senate Victory Fund","P",$0.00,$5000.00,$0.00,,0,,,,10/26/2016 10:09:50,10/26/2016 10:09:50
-1859848697,16324,16,"_","126","732",7/18/2016 0:00:00,20006,"DFL House Caucus","P",$0.00,$10000.00,$0.00,,0,,,,7/25/2016 8:19:21,7/25/2016 8:19:21
-1850712278,17011,16,"_","270","654",10/18/2016 0:00:00,20010,"HRCC","P",$0.00,$5000.00,$0.00,,0,,,,10/27/2016 8:29:46,10/27/2016 8:29:46
-1834195435,15163,16,"_","173","1046",10/7/2016 0:00:00,20003,"Minn DFL State Central Committee","P",$0.00,$600.00,$0.00,,0,,,,10/25/2016 17:17:11,10/25/2016 17:17:11
-1824886649,17124,16,"_","1384","841",9/10/2016 0:00:00,20042," 8th Congressional District RPM","P",$0.00,$300.00,$0.00,,0,,,,10/31/2016 21:44:50,10/31/2016 21:44:50
-1824454184,16807,16,"_","63","932",9/1/2016 0:00:00,20010,"HRCC","P",$0.00,$2500.00,$0.00,,0,,,,10/26/2016 15:04:29,10/26/2016 15:04:29
-1811452721,17520,16,"_","29","1086",8/11/2016 0:00:00,20868,"Scott County RPM","P",$0.00,$2000.00,$0.00,,0,,,,11/1/2016 1:56:00,11/1/2016 1:56:00
-1743512065,16763,16,"_","35","719",8/26/2016 0:00:00,20006,"DFL House Caucus","P",$0.00,$500.00,$0.00,,0,,,,10/27/2016 20:27:02,10/27/2016 20:27:02
-1742069660,16324,16,"_","214","732",8/6/2016 0:00:00,20006,"DFL House Caucus","P",$0.00,$0.00,$162.00,,0,,,,10/31/2016 21:57:22,10/31/2016 21:57:22
-1740840099,17318,16,"_","255","685",9/27/2016 0:00:00,20003,"Minn DFL State Central Committee","P",$0.00,$748.00,$0.00,,0,,,,11/1/2016 2:29:06,11/1/2016 2:29:06
-1726977947,15671,16,"_","5","845",10/12/2016 0:00:00,20006,"DFL House Caucus","P",$0.00,$5000.00,$0.00,,0,,,,11/1/2016 2:09:14,11/1/2016 2:09:14
-1722171250,16324,16,"_","132","732",6/9/2016 0:00:00,20006,"DFL House Caucus","P",$0.00,$0.00,$27.33,,0,,,,7/25/2016 8:19:21,7/25/2016 8:19:21
-1717730663,15671,16,"_","22","1502",1/10/2016 0:00:00,70033,"OutFront Minnesota Action","F",$0.00,$250.00,$0.00,,0,,,,11/1/2016 2:09:14,11/1/2016 2:09:14
-1694233389,15608,16,"_","33","6949",7/18/2016 0:00:00,18079,"Jurgens, Tony  House Dist. 54B Committee","C",$0.00,$1500.00,$0.00,,0,,,,7/25/2016 7:49:03,7/25/2016 7:49:03
-1691998504,16324,16,"_","137","732",2/10/2016 0:00:00,20006,"DFL House Caucus","P",$0.00,$0.00,$22.00,,0,,,,7/25/2016 8:19:21,7/25/2016 8:19:21
-1684705716,17628,16,"_","47","4404",3/28/2016 0:00:00,17942,"Simonson, Erik  Senate Dist.  7 Committee","C",$0.00,$10853.83,$0.00,,0,,,,4/4/2016 14:27:19,4/4/2016 14:27:19
-1611602251,17039,16,"_","95","574",8/21/2016 0:00:00,20006,"DFL House Caucus","P",$0.00,$3000.00,$0.00,,0,,,,10/31/2016 20:48:44,10/31/2016 20:48:44
-1607136298,17117,16,"_","65","911",9/16/2016 0:00:00,20013,"Senate Victory Fund","P",$0.00,$5000.00,$0.00,,0,,,,10/26/2016 10:09:50,10/26/2016 10:09:50
-1605336427,16324,16,"_","212","732",8/6/2016 0:00:00,20006,"DFL House Caucus","P",$0.00,$0.00,$34.02,,0,,,,10/31/2016 21:57:22,10/31/2016 21:57:22
-1580071799,17354,16,"_","94","860",10/16/2016 0:00:00,20010,"HRCC","P",$0.00,$5000.00,$0.00,,0,,,,10/27/2016 8:37:59,10/27/2016 8:37:59
-1566234080,16623,16,"_","96","935",10/8/2016 0:00:00,20775,"Becker County RPM","P",$0.00,$500.00,$0.00,,0,,,,10/26/2016 15:12:09,10/26/2016 15:12:09
-1561981513,17409,16,"_","7","682",2/12/2016 0:00:00,20008,"Republican Party of Minn","P",$0.00,$750.00,$0.00,,0,,,,10/27/2016 16:30:23,10/27/2016 16:30:23
-1537808261,15621,16,"_","140000000368695",,10/17/2016 0:00:00,20003,"Minnesota DFL Party","P",$0.00,$1000.00,,"",0,,,,10/28/2016 15:55:01,10/28/2016 15:55:01
-1523934389,17040,16,"_","79","1605",7/27/2016 0:00:00,20857,"58th Senate District RPM","P",$0.00,$1000.00,$0.00,,0,,,,10/27/2016 9:14:12,10/27/2016 9:14:12
-1518699362,16324,16,"_","141","732",3/28/2016 0:00:00,20006,"DFL House Caucus","P",$0.00,$0.00,$6.82,,0,,,,7/25/2016 8:19:21,7/25/2016 8:19:21
-1512170676,16324,16,"_","135","732",6/29/2016 0:00:00,20006,"DFL House Caucus","P",$0.00,$0.00,$1.75,,0,,,,7/25/2016 8:19:21,7/25/2016 8:19:21
-1507696623,17782,16,"_","509","673",10/15/2016 0:00:00,20042," 8th Congressional District RPM","P",$0.00,$1000.00,$0.00,,0,,,,11/1/2016 0:52:34,11/1/2016 0:52:34
-1497357929,15671,16,"_","21","845",1/14/2016 0:00:00,20006,"DFL House Caucus","P",$0.00,$1000.00,$0.00,,0,,,,11/1/2016 2:09:14,11/1/2016 2:09:14
-1491117140,17963,16,"_","63","678",9/8/2016 0:00:00,20003,"Minn DFL State Central Committee","P",$0.00,$0.00,$450.00,,0,,,,10/28/2016 13:45:02,10/28/2016 13:45:02
-1472815523,17011,16,"_","217","654",3/7/2016 0:00:00,20010,"HRCC","P",$0.00,$1000.00,$0.00,,0,,,,7/22/2016 14:49:14,7/22/2016 14:49:14
-1457035493,17943,16,"_","21","556",2/10/2016 0:00:00,20003,"Minn DFL State Central Committee","P",$0.00,$300.00,$0.00,,0,,,,7/25/2016 21:15:00,7/25/2016 21:15:00
-1440356268,17011,16,"_","256","793",10/6/2016 0:00:00,20354,"Roseau County RPM","P",$0.00,$500.00,$0.00,,0,,,,10/27/2016 8:29:46,10/27/2016 8:29:46
-1421378793,13320,16,"_","47","850",9/6/2016 0:00:00,20010,"HRCC","P",$0.00,$1500.00,$0.00,,0,,,,10/25/2016 16:57:39,10/25/2016 16:57:39
-1401670351,17762,16,"_","94","661",10/19/2016 0:00:00,20010,"HRCC","P",$0.00,$1000.00,$0.00,,0,,,,10/31/2016 18:38:44,10/31/2016 18:38:44
-1386960663,17277,16,"_","165","3270",10/22/2016 0:00:00,20848,"56th Senate District DFL","P",$0.00,$1000.00,$0.00,,0,,,,11/1/2016 1:13:10,11/1/2016 1:13:10
-1381871733,16324,16,"_","136","732",2/10/2016 0:00:00,20006,"DFL House Caucus","P",$0.00,$0.00,$59.42,,0,,,,7/25/2016 8:19:21,7/25/2016 8:19:21
-1338031378,17885,16,"_","127","594",10/7/2016 0:00:00,20003,"Minn DFL State Central Committee","P",$0.00,$1000.00,$0.00,,0,,,,10/28/2016 13:29:25,10/28/2016 13:29:25
-1325303624,17782,16,"_","506","655",10/10/2016 0:00:00,20010,"HRCC","P",$0.00,$5000.00,$0.00,,0,,,,11/1/2016 0:52:34,11/1/2016 0:52:34
-1321417865,18012,16,"_",,,6/13/2016 0:00:00,18036,"Paul Anderson for Senate","C",$0.00,$512.13,,,0,,,,6/20/2016 9:00:46,6/20/2016 9:00:46
-1319462623,13320,16,"_","49","850",10/23/2016 0:00:00,20010,"HRCC","P",$0.00,$5000.00,$0.00,,0,,,,10/25/2016 16:57:39,10/25/2016 16:57:39
-1315776362,17318,16,"_","254","686",9/21/2016 0:00:00,20006,"DFL House Caucus","P",$0.00,$6000.00,$0.00,,0,,,,11/1/2016 2:29:06,11/1/2016 2:29:06
-1315204932,16374,16,"_","330","5911",9/2/2016 0:00:00,17898,"Laine, Carolyn  Senate Dist. 41 Committee","C",$0.00,$987.10,$0.00,,0,,,,10/27/2016 8:46:47,10/27/2016 8:46:47
-1308486968,13350,16,"_","65","857",9/9/2016 0:00:00,20011,"DFL Senate Caucus","P",$0.00,$10000.00,$0.00,,0,,,,10/25/2016 17:03:10,10/25/2016 17:03:10
-1293567917,17376,16,"_","72","873",8/5/2016 0:00:00,20006,"DFL House Caucus","P",$0.00,$5000.00,$0.00,,0,,,,10/26/2016 15:15:30,10/26/2016 15:15:30
-1292141745,17885,16,"_","118","783",9/18/2016 0:00:00,20522," 2nd Congressional District DFL","P",$0.00,$260.00,$0.00,,0,,,,10/28/2016 13:29:25,10/28/2016 13:29:25
-1271198639,17277,16,"_","147","704",8/24/2016 0:00:00,20006,"DFL House Caucus","P",$0.00,$500.00,$0.00,,0,,,,11/1/2016 1:13:10,11/1/2016 1:13:10
-1228994212,15671,16,"_","6","5779",9/22/2016 0:00:00,20846,"61st Senate District DFL","P",$0.00,$500.00,$0.00,,0,,,,11/1/2016 2:09:14,11/1/2016 2:09:14
-1222824966,15521,16,"_","2","859",2/16/2016 0:00:00,20008,"Republican Party of Minn","P",$0.00,$750.00,$0.00,,0,,,,7/25/2016 7:21:43,7/25/2016 7:21:43
-1219410388,17924,16,"_","59","622",2/1/2016 0:00:00,20003,"Minn DFL State Central Committee","P",$0.00,$1000.00,$0.00,,0,,,,7/21/2016 16:04:03,7/21/2016 16:04:03
-1193026885,16324,16,"_","208","732",8/6/2016 0:00:00,20006,"DFL House Caucus","P",$0.00,$0.00,$71.82,,0,,,,10/31/2016 21:57:22,10/31/2016 21:57:22
-1188069337,16753,16,"_","73","5242",4/14/2016 0:00:00,18004,"Newton, Jerry  Senate Dist. 37 Committee","C",$0.00,$29966.09,$0.00,,0,,,,5/9/2016 14:00:18,5/9/2016 14:00:18
-1174026455,17806,16,"_","18","685",9/30/2016 0:00:00,20008,"Republican Party of Minn","P",$0.00,$5000.00,$0.00,,0,,,,10/31/2016 21:34:16,10/31/2016 21:34:16
-1153507665,15621,16,"_","140000000368701",,9/21/2016 0:00:00,,"Senate District 50 DFL20840","O",$0.00,$1000.00,,"",0,,,,10/28/2016 15:55:01,10/28/2016 15:55:01
-1152506303,15151,16,"_","95","1070",9/1/2016 0:00:00,20006,"DFL House Caucus","P",$0.00,$1500.00,$0.00,,0,,,,10/31/2016 20:32:33,10/31/2016 20:32:33
-1138762924,16891,16,"_","146","943",10/12/2016 0:00:00,20013,"Senate Victory Fund","P",$0.00,$10000.00,$0.00,,0,,,,10/31/2016 20:26:26,10/31/2016 20:26:26
-1138261147,16324,16,"_","188","732",10/24/2016 0:00:00,20006,"DFL House Caucus","P",$0.00,$5000.00,$0.00,,0,,,,10/31/2016 21:57:22,10/31/2016 21:57:22
-1107785622,12790,16,"_","147","936",10/12/2016 0:00:00,20010,"HRCC","P",$0.00,$4000.00,$0.00,,0,,,,10/31/2016 16:44:01,10/31/2016 16:44:01
-1106580567,16807,16,"_","53","932",4/21/2016 0:00:00,20010,"HRCC","P",$0.00,$2500.00,$0.00,,0,,,,7/25/2016 1:18:40,7/25/2016 1:18:40
-1084290211,15719,16,"_","324","724",10/21/2016 0:00:00,20006,"DFL House Caucus","P",$0.00,$3000.00,$0.00,,0,,,,10/29/2016 9:28:36,10/29/2016 9:28:36
-1078784015,15621,16,"_","140000000368692",,10/18/2016 0:00:00,20006,"DFL House Caucus","P",$0.00,$5000.00,,"",0,,,,10/28/2016 15:55:01,10/28/2016 15:55:01
-1064015101,17512,16,"_",,,1/27/2016 0:00:00,20003,"Minn DFL State Central Committee","P",$0.00,$500.00,,,0,,,,8/9/2016 14:30:25,8/9/2016 14:30:25
-1036407841,16931,16,"_","54","745",9/20/2016 0:00:00,20013,"Senate Victory Fund","P",$0.00,$3500.00,$0.00,,0,,,,10/31/2016 16:41:55,10/31/2016 16:41:55
-1034655780,17296,16,"_","300","742",9/17/2016 0:00:00,20003,"Minn DFL State Central Committee","P",$0.00,$0.00,$450.00,,0,,,,10/26/2016 8:58:19,10/26/2016 8:58:19
-1029336927,17924,16,"_","60","810",2/1/2016 0:00:00,20522," 2nd Congressional District DFL","P",$0.00,$250.00,$0.00,,0,,,,7/21/2016 16:04:03,7/21/2016 16:04:03
-1028758646,16324,16,"_","142","732",6/3/2016 0:00:00,20006,"DFL House Caucus","P",$0.00,$0.00,$5.50,,0,,,,7/25/2016 8:19:21,7/25/2016 8:19:21
-1028557436,15542,16,"_","81","8501",9/16/2016 0:00:00,41159,"Friends of GOP Women","F",$0.00,$1000.00,$0.00,,0,,,,10/27/2016 16:34:55,10/27/2016 16:34:55
-1020413889,16324,16,"_","209","732",8/6/2016 0:00:00,20006,"DFL House Caucus","P",$0.00,$0.00,$81.00,,0,,,,10/31/2016 21:57:22,10/31/2016 21:57:22
-1015280684,16324,16,"_","3","731",3/3/2016 0:00:00,20003,"Minn DFL State Central Committee","P",$0.00,$1500.00,$0.00,,0,,,,7/25/2016 8:19:21,7/25/2016 8:19:21
-989327939,17672,16,"_","2","678",1/6/2016 0:00:00,20003,"Minn DFL State Central Committee","P",$0.00,$300.00,$0.00,,0,,,,7/25/2016 1:31:31,7/25/2016 1:31:31
-983210324,15608,16,"_","30","6949",6/3/2016 0:00:00,18079,"Jurgens, Tony  House Dist. 54B Committee","C",$0.00,$3000.00,$0.00,,0,,,,7/25/2016 7:49:03,7/25/2016 7:49:03
-957832485,13481,16,"_",,,2/3/2016 0:00:00,20006,"DFL House Caucus","P",$0.00,$1000.00,,,0,,,,8/9/2016 14:59:25,8/9/2016 14:59:25
-910478570,17347,16,"_","203","619",10/19/2016 0:00:00,20011,"DFL Senate Caucus","P",$0.00,$10000.00,$0.00,,0,,,,10/31/2016 18:05:48,10/31/2016 18:05:48
-871490833,17376,16,"_","76","873",9/28/2016 0:00:00,20006,"DFL House Caucus","P",$0.00,$5000.00,$0.00,,0,,,,10/26/2016 15:15:30,10/26/2016 15:15:30
-870970721,17117,16,"_","64","911",7/28/2016 0:00:00,20013,"Senate Victory Fund","P",$0.00,$5000.00,$0.00,,0,,,,10/26/2016 10:09:50,10/26/2016 10:09:50
-854695777,17310,16,"_","489","860",7/20/2016 0:00:00,20011,"DFL Senate Caucus","P",$0.00,$10000.00,$0.00,,0,,,,11/1/2016 1:04:49,11/1/2016 1:04:49
-835141008,16003,16,"_","6","865",7/25/2016 0:00:00,20006,"DFL House Caucus","P",$0.00,$500.00,$0.00,,0,,,,10/10/2016 10:27:41,10/10/2016 10:27:41
-826105814,17700,16,"_","412","631",3/7/2016 0:00:00,20010,"HRCC","P",$0.00,$250.00,$0.00,,0,,,,7/26/2016 8:54:08,7/26/2016 8:54:08
-824360295,15608,16,"_","29","6949",6/2/2016 0:00:00,18079,"Jurgens, Tony  House Dist. 54B Committee","C",$0.00,$0.00,$141.00,,0,,,,7/25/2016 7:49:03,7/25/2016 7:49:03
-816409451,15667,16,"_","175","6100",9/27/2016 0:00:00,20846,"61st Senate District DFL","P",$0.00,$500.00,$0.00,,0,,,,10/31/2016 21:54:17,10/31/2016 21:54:17
-812270372,16807,16,"_","76","932",10/10/2016 0:00:00,20010,"HRCC","P",$0.00,$4500.00,$0.00,,0,,,,10/26/2016 15:04:29,10/26/2016 15:04:29
-810121436,17532,16,"_","102","863",10/8/2016 0:00:00,20006,"DFL House Caucus","P",$0.00,$4000.00,$0.00,,0,,,,10/28/2016 23:19:41,10/28/2016 23:19:41
-809407216,17871,16,"_","139","585",9/30/2016 0:00:00,20006,"DFL House Caucus","P",$0.00,$1000.00,$0.00,,0,,,,10/31/2016 18:30:56,10/31/2016 18:30:56
-802785665,17039,16,"_","94","1077",9/15/2016 0:00:00,40295,"Friends of DFL Women","F",$0.00,$250.00,$0.00,,0,,,,10/31/2016 20:48:44,10/31/2016 20:48:44
-787629328,17318,16,"_","248","686",8/3/2016 0:00:00,20006,"DFL House Caucus","P",$0.00,$10000.00,$0.00,,0,,,,11/1/2016 2:29:06,11/1/2016 2:29:06
-779093430,16072,16,"_","650","1326",6/30/2016 0:00:00,20010,"HRCC","P",$0.00,$1000.00,$0.00,,0,,,,7/25/2016 7:35:11,7/25/2016 7:35:11
-742270113,17705,16,"_","146","3890",6/15/2016 0:00:00,18005,"Rymer, Maxwell (Max)  House Dist. 49B Committee","C",$0.00,$674.96,$0.00,,0,,,,7/25/2016 7:43:00,7/25/2016 7:43:00
-741424813,17709,16,"_","847","614",10/6/2016 0:00:00,20008,"Republican Party of Minn","P",$0.00,$120.00,$0.00,,0,,,,11/1/2016 1:06:34,11/1/2016 1:06:34
-727689442,18055,16,"_","67","698",9/13/2016 0:00:00,20003,"Minn DFL State Central Committee","P",$0.00,$0.00,$900.00,,0,,,,11/1/2016 6:58:07,11/1/2016 6:58:07
-722466639,17699,16,"_","601","624",9/8/2016 0:00:00,20010,"HRCC","P",$0.00,$0.00,$2250.00,,0,,,,11/1/2016 2:21:54,11/1/2016 2:21:54
-719450587,16246,16,"_","96","740",9/27/2016 0:00:00,20011,"DFL Senate Caucus","P",$0.00,$15000.00,$0.00,,0,,,,10/31/2016 20:31:35,10/31/2016 20:31:35
-716003377,16000,16,"_","87","788",10/22/2016 0:00:00,20006,"DFL House Caucus","P",$0.00,$3000.00,$0.00,,0,,,,10/31/2016 22:34:47,10/31/2016 22:34:47
-701027018,16697,16,"_","92","757",9/12/2016 0:00:00,20010,"HRCC","P",$0.00,$5000.00,$0.00,,0,,,,10/31/2016 18:31:56,10/31/2016 18:31:56
-697973516,16950,16,"_","156","787",10/14/2016 0:00:00,20010,"HRCC","P",$0.00,$4000.00,$0.00,,0,,,,10/28/2016 17:48:55,10/28/2016 17:48:55
-686241144,17675,16,"_","231","683",9/19/2016 0:00:00,20006,"DFL House Caucus","P",$0.00,$3000.00,$0.00,,0,,,,10/28/2016 13:30:21,10/28/2016 13:30:21
-678372186,16324,16,"_","134","732",6/29/2016 0:00:00,20006,"DFL House Caucus","P",$0.00,$0.00,$4.00,,0,,,,7/25/2016 8:19:21,7/25/2016 8:19:21
-670350832,15521,16,"_","3","4453",3/19/2016 0:00:00,20907,"38th Senate District RPM","P",$0.00,$20.00,$0.00,,0,,,,10/31/2016 21:49:30,10/31/2016 21:49:30
-661588792,15608,16,"_","26","6949",5/25/2016 0:00:00,18079,"Jurgens, Tony  House Dist. 54B Committee","C",$0.00,$0.00,$75.00,,0,,,,7/25/2016 7:49:03,7/25/2016 7:49:03
-660875820,15621,16,"_","140000000368699",,10/5/2016 0:00:00,,"Senate District 49 DFL#20788","O",$0.00,$1000.00,,"",0,,,,10/28/2016 15:55:01,10/28/2016 15:55:01
-652196966,15719,16,"_","321","7063",10/16/2016 0:00:00,20872,"26th Senate District DFL","P",$0.00,$400.00,$0.00,,0,,,,10/29/2016 9:28:36,10/29/2016 9:28:36
-644329057,17373,16,"_","707","704",10/4/2016 0:00:00,20013,"Senate Victory Fund","P",$0.00,$3500.00,$0.00,,0,,,,11/1/2016 1:07:23,11/1/2016 1:07:23
-576189159,17709,16,"_","896","615",10/24/2016 0:00:00,20010,"HRCC","P",$0.00,$100.00,$0.00,,0,,,,11/1/2016 1:06:34,11/1/2016 1:06:34
-574127351,17672,16,"_","56","679",10/9/2016 0:00:00,20006,"DFL House Caucus","P",$0.00,$2000.00,$0.00,,0,,,,10/31/2016 20:28:49,10/31/2016 20:28:49
-543273660,17481,16,"_","163","870",2/14/2016 0:00:00,20011,"DFL Senate Caucus","P",$0.00,$1000.00,$0.00,,0,,,,7/25/2016 21:00:58,7/25/2016 21:00:58
-542979823,17438,16,"_","164","754",9/16/2016 0:00:00,20006,"DFL House Caucus","P",$0.00,$2000.00,$0.00,,0,,,,10/31/2016 18:49:24,10/31/2016 18:49:24
-517169238,15823,16,"_","168","650",10/5/2016 0:00:00,20006,"DFL House Caucus","P",$0.00,$3500.00,$0.00,,0,,,,11/1/2016 2:17:32,11/1/2016 2:17:32
-512290520,17782,16,"_","474","655",9/12/2016 0:00:00,20010,"HRCC","P",$0.00,$1000.00,$0.00,,0,,,,11/1/2016 0:52:34,11/1/2016 0:52:34
-511694487,17360,16,"_","127","869",10/10/2016 0:00:00,20006,"DFL House Caucus","P",$0.00,$2500.00,$0.00,,0,,,,10/28/2016 23:21:35,10/28/2016 23:21:35
-501611170,17124,16,"_","1273","820",5/17/2016 0:00:00,20008,"Republican Party of Minn","P",$0.00,$350.00,$0.00,,0,,,,7/25/2016 8:02:00,7/25/2016 8:02:00
-498502458,17123,16,"_","82","861",10/14/2016 0:00:00,20010,"HRCC","P",$0.00,$2500.00,$0.00,,0,,,,10/27/2016 16:39:57,10/27/2016 16:39:57
-488216081,16468,16,"_",,,3/13/2016 0:00:00,17914,"Schindler (Gary) for Minnesota House","C",$0.00,$2896.56,,,0,,,,3/16/2016 14:47:36,3/16/2016 14:47:36
-483809304,17357,16,"_","197","768",9/12/2016 0:00:00,20010,"HRCC","P",$0.00,$5000.00,$0.00,,0,,,,11/1/2016 0:16:10,11/1/2016 0:16:10
-474080202,16324,16,"_","176","6046",9/30/2016 0:00:00,30649,"Unidos Votamos Political Fund","F",$0.00,$518.40,$0.00,,0,,,,10/31/2016 21:57:22,10/31/2016 21:57:22
-472207672,17360,16,"_","97","869",5/17/2016 0:00:00,20006,"DFL House Caucus","P",$0.00,$1000.00,$0.00,,0,,,,7/25/2016 8:16:55,7/25/2016 8:16:55
-467704212,17532,16,"_","86","863",8/22/2016 0:00:00,20006,"DFL House Caucus","P",$0.00,$2000.00,$0.00,,0,,,,10/28/2016 23:19:41,10/28/2016 23:19:41
-461478016,15621,16,"_","140000000368696",,10/17/2016 0:00:00,20003,"Minnesota DFL Party","P",$0.00,$1000.00,,"",0,,,,10/28/2016 15:55:01,10/28/2016 15:55:01
-444473689,17361,16,"_","745","5884",5/22/2016 0:00:00,18039,"Wagner, Erin  House Dist. 10B Committee","C",$0.00,$0.00,$1395.00,,0,,,,6/10/2016 14:24:58,6/10/2016 14:24:58
-439162423,16324,16,"_","133","732",6/29/2016 0:00:00,20006,"DFL House Caucus","P",$0.00,$0.00,$4.34,,0,,,,7/25/2016 8:19:21,7/25/2016 8:19:21
-428359623,17042,16,"_","19","576",7/18/2016 0:00:00,17644,"Thompson, David A Gov. Committee","C",$0.00,$4000.00,$0.00,,0,,,,7/26/2016 0:00:03,7/26/2016 0:00:03
-394694498,16418,16,"_","125","6236",9/7/2016 0:00:00,30649,"Unidos Votamos Political Fund","F",$0.00,$5000.00,$0.00,,0,,,,10/24/2016 13:20:46,10/24/2016 13:20:46
-394031468,17672,16,"_","41","678",6/13/2016 0:00:00,20003,"Minn DFL State Central Committee","P",$0.00,$50.00,$0.00,,0,,,,7/25/2016 1:31:31,7/25/2016 1:31:31
-387430474,12790,16,"_","133","936",8/25/2016 0:00:00,20010,"HRCC","P",$0.00,$2500.00,$0.00,,0,,,,10/31/2016 16:44:01,10/31/2016 16:44:01
-364138013,17871,16,"_","124","788",9/3/2016 0:00:00,20576,"Cook County DFL","P",$0.00,$500.00,$0.00,,0,,,,10/31/2016 18:30:56,10/31/2016 18:30:56
-308810296,17066,16,"_","96","919",9/26/2016 0:00:00,20013,"Senate Victory Fund","P",$0.00,$1000.00,$0.00,,0,,,,10/27/2016 8:34:41,10/27/2016 8:34:41
-288325136,15739,16,"_","97","808",10/19/2016 0:00:00,20006,"DFL House Caucus","P",$0.00,$2000.00,$0.00,,0,,,,10/27/2016 8:43:29,10/27/2016 8:43:29
-287762258,17376,16,"_","79","994",10/24/2016 0:00:00,20271,"Crow Wing County DFL","P",$0.00,$500.00,$0.00,,0,,,,10/26/2016 15:15:30,10/26/2016 15:15:30
-262872021,15164,16,"_","17","681",9/25/2016 0:00:00,20006,"DFL House Caucus","P",$0.00,$4000.00,$0.00,,0,,,,11/1/2016 6:56:26,11/1/2016 6:56:26
-225322259,16950,16,"_","142","787",8/6/2016 0:00:00,20010,"HRCC","P",$0.00,$1000.00,$0.00,,0,,,,10/28/2016 17:48:55,10/28/2016 17:48:55
-217999878,17481,16,"_","382","4689",9/17/2016 0:00:00,41133,"Capitol Leadership PAC","F",$0.00,$200.00,$0.00,,0,,,,11/1/2016 0:40:34,11/1/2016 0:40:34
-192374403,10120,16,"_","76","1882",9/22/2016 0:00:00,20006,"DFL House Caucus","P",$0.00,$1500.00,$0.00,,0,,,,10/28/2016 13:39:36,10/28/2016 13:39:36
-180003392,17277,16,"_","164","703",9/28/2016 0:00:00,20003,"Minn DFL State Central Committee","P",$0.00,$500.00,$0.00,,0,,,,11/1/2016 1:13:10,11/1/2016 1:13:10
-178340612,17040,16,"_","80","1590",7/27/2016 0:00:00,20844,"57th Senate District RPM","P",$0.00,$1000.00,$0.00,,0,,,,10/27/2016 9:14:11,10/27/2016 9:14:11
-164019093,16324,16,"_","55","732",6/23/2016 0:00:00,20006,"DFL House Caucus","P",$0.00,$0.00,$54.00,,0,,,,7/25/2016 8:19:21,7/25/2016 8:19:21
-154883792,15542,16,"_","80","868",9/12/2016 0:00:00,20010,"HRCC","P",$0.00,$2500.00,$0.00,,0,,,,10/27/2016 16:34:55,10/27/2016 16:34:55
-154310003,17369,16,"_",,,3/15/2016 0:00:00,20003,"Minn DFL State Central Committee","P",$0.00,$1625.00,,,0,,,,8/12/2016 16:02:59,8/12/2016 16:02:59
-125167661,16324,16,"_","182","731",10/22/2016 0:00:00,20003,"Minn DFL State Central Committee","P",$0.00,$1000.00,$0.00,,0,,,,10/31/2016 21:57:22,10/31/2016 21:57:22
-111172257,17376,16,"_","60","891",1/16/2016 0:00:00,20037,"Koochiching County DFL","P",$0.00,$500.00,$0.00,,0,,,,7/21/2016 11:03:59,7/21/2016 11:03:59
-103116461,15608,16,"_","27","6949",6/2/2016 0:00:00,18079,"Jurgens, Tony  House Dist. 54B Committee","C",$0.00,$0.00,$175.00,,0,,,,7/25/2016 7:49:03,7/25/2016 7:49:03
-88059864,16324,16,"_","57","732",5/7/2016 0:00:00,20006,"DFL House Caucus","P",$0.00,$0.00,$162.00,,0,,,,7/25/2016 8:19:21,7/25/2016 8:19:21
-87040378,17066,16,"_","79","919",9/21/2016 0:00:00,20013,"Senate Victory Fund","P",$0.00,$2000.00,$0.00,,0,,,,10/27/2016 8:34:41,10/27/2016 8:34:41
-57505654,16324,16,"_","51","732",1/4/2016 0:00:00,20006,"DFL House Caucus","P",$0.00,$0.00,$165.24,,0,,,,7/25/2016 8:19:21,7/25/2016 8:19:21
-47769974,15548,16,"_","59","901",10/6/2016 0:00:00,20006,"DFL House Caucus","P",$0.00,$4000.00,$0.00,,0,,,,11/1/2016 0:46:09,11/1/2016 0:46:09
-37714281,17357,16,"_","158","766",2/9/2016 0:00:00,20008,"Republican Party of Minn","P",$0.00,$250.00,$0.00,,0,,,,7/25/2016 22:51:59,7/25/2016 22:51:59
-34246375,17885,16,"_","22","594",1/4/2016 0:00:00,20003,"Minn DFL State Central Committee","P",$0.00,$300.00,$0.00,,0,,,,7/22/2016 13:02:48,7/22/2016 13:02:48
-31989801,16374,16,"_","318","5911",3/25/2016 0:00:00,17898,"Laine, Carolyn  Senate Dist. 41 Committee","C",$0.00,$3500.00,$0.00,,0,,,,10/27/2016 8:46:47,10/27/2016 8:46:47
-16959462,15621,16,"_","140000000368730",,9/20/2016 0:00:00,,"Unidos Votamos Political Fund","O",$0.00,$3000.00,,"",0,,,,10/28/2016 15:55:01,10/28/2016 15:55:01
13005142,17124,16,"_","1204","841",4/8/2016 0:00:00,20042," 8th Congressional District RPM","P",$0.00,$50.00,$0.00,,0,,,,10/31/2016 21:44:50,10/31/2016 21:44:50
37053337,15608,16,"_","25","6949",6/23/2016 0:00:00,18079,"Jurgens, Tony  House Dist. 54B Committee","C",$0.00,$0.00,$65.00,,0,,,,7/25/2016 7:49:03,7/25/2016 7:49:03
71090870,16680,16,"_","100","7216",9/30/2016 0:00:00,41159,"Friends of GOP Women","F",$0.00,$1000.00,$0.00,,0,,,,10/31/2016 21:50:26,10/31/2016 21:50:26
76388787,15621,16,"_","140000000368694",,10/17/2016 0:00:00,20006,"DFL House Caucus","P",$0.00,$1000.00,,"",0,,,,10/28/2016 15:55:01,10/28/2016 15:55:01
85625442,17716,16,"_","80","632",9/16/2016 0:00:00,20010,"HRCC","P",$0.00,$5000.00,$0.00,,0,,,,10/31/2016 19:57:03,10/31/2016 19:57:03
112104150,17309,16,"_","10","4861",8/21/2016 0:00:00,18031,"Pryor, Laurie  House Dist. 48A Committee","C",$0.00,$250.00,$0.00,,0,,,,9/19/2016 10:37:13,9/19/2016 10:37:13
115749931,16419,16,"_","28","764",6/22/2016 0:00:00,20011,"DFL Senate Caucus","P",$0.00,$10000.00,$0.00,,0,,,,7/22/2016 13:03:52,7/22/2016 13:03:52
118354144,16324,16,"_","157","732",10/12/2016 0:00:00,20006,"DFL House Caucus","P",$0.00,$10000.00,$0.00,,0,,,,10/31/2016 21:57:22,10/31/2016 21:57:22
119493575,15621,16,"_","140000000368703",,9/26/2016 0:00:00,20095,"Rice County DFL
20095","P",$0.00,$500.00,,"",0,,,,10/28/2016 15:55:01,10/28/2016 15:55:01
131131051,16553,16,"_","30","892",9/26/2016 0:00:00,20011,"DFL Senate Caucus","P",$0.00,$5000.00,$0.00,,0,,,,10/31/2016 20:24:41,10/31/2016 20:24:41
135185126,16374,16,"_","329","874",1/14/2016 0:00:00,20003,"Minn DFL State Central Committee","P",$0.00,$250.00,$0.00,,0,,,,10/27/2016 8:46:47,10/27/2016 8:46:47
143426458,17672,16,"_","40","678",6/20/2016 0:00:00,20003,"Minn DFL State Central Committee","P",$0.00,$50.00,$0.00,,0,,,,7/25/2016 1:31:31,7/25/2016 1:31:31
180097933,16324,16,"_","138","732",2/10/2016 0:00:00,20006,"DFL House Caucus","P",$0.00,$0.00,$8.00,,0,,,,7/25/2016 8:19:21,7/25/2016 8:19:21
185245699,16419,16,"_","45","764",9/28/2016 0:00:00,20011,"DFL Senate Caucus","P",$0.00,$10000.00,$0.00,,0,,,,10/31/2016 21:43:54,10/31/2016 21:43:54
197166640,16419,16,"_","24","764",3/10/2016 0:00:00,20011,"DFL Senate Caucus","P",$0.00,$2500.00,$0.00,,0,,,,7/22/2016 13:03:52,7/22/2016 13:03:52
198538112,17685,16,"_","24","688",7/13/2016 0:00:00,20006,"DFL House Caucus","P",$0.00,$1000.00,$0.00,,0,,,,7/25/2016 7:07:57,7/25/2016 7:07:57
231120328,16697,16,"_","113","757",10/13/2016 0:00:00,20010,"HRCC","P",$0.00,$10000.00,$0.00,,0,,,,10/31/2016 18:31:56,10/31/2016 18:31:56
236551993,16623,16,"_","100","740",10/14/2016 0:00:00,20158,"Winona County RPM","P",$0.00,$2000.00,$0.00,,0,,,,10/26/2016 15:12:09,10/26/2016 15:12:09
253418889,17309,16,"_","9","4837",8/21/2016 0:00:00,17950,"Klevorn, Virginia (Ginny)  House Dist. 44A Committee","C",$0.00,$500.00,$0.00,,0,,,,9/19/2016 10:37:13,9/19/2016 10:37:13
265880677,11880,16,"_","60","1224",10/20/2016 0:00:00,20011,"DFL Senate Caucus","P",$0.00,$7000.00,$0.00,,0,,,,10/31/2016 18:23:28,10/31/2016 18:23:28
276777479,15621,16,"_","140000000368704",,9/16/2016 0:00:00,20003,"Minnesota DFL Party","P",$0.00,$1000.00,,"",0,,,,10/28/2016 15:55:01,10/28/2016 15:55:01
277983057,17672,16,"_","97","678",10/17/2016 0:00:00,20003,"Minn DFL State Central Committee","P",$0.00,$300.00,$0.00,,0,,,,10/31/2016 20:28:49,10/31/2016 20:28:49
291122059,16324,16,"_","150","732",9/12/2016 0:00:00,20006,"DFL House Caucus","P",$0.00,$2000.00,$0.00,,0,,,,10/31/2016 21:57:22,10/31/2016 21:57:22
326250603,17277,16,"_","148","708",8/25/2016 0:00:00,20011,"DFL Senate Caucus","P",$0.00,$1000.00,$0.00,,0,,,,11/1/2016 1:13:10,11/1/2016 1:13:10
332773130,16374,16,"_","317","5911",6/12/2016 0:00:00,17898,"Laine, Carolyn  Senate Dist. 41 Committee","C",$0.00,$12941.44,$0.00,,0,,,,10/27/2016 8:46:47,10/27/2016 8:46:47
348378887,17354,16,"_","88","1588",9/1/2016 0:00:00,20851,"30th Senate District RPM","P",$0.00,$0.00,$516.75,,0,,,,10/27/2016 8:37:59,10/27/2016 8:37:59
360029134,15197,16,"_","83","856",1/28/2016 0:00:00,20003,"Minn DFL State Central Committee","P",$0.00,$100.00,$0.00,,0,,,,7/19/2016 9:31:24,7/19/2016 9:31:24
368510493,17354,16,"_","79","860",9/12/2016 0:00:00,20010,"HRCC","P",$0.00,$1500.00,$0.00,,0,,,,10/27/2016 8:37:59,10/27/2016 8:37:59
406037351,17040,16,"_","61","874",3/3/2016 0:00:00,20013,"Senate Victory Fund","P",$0.00,$2571.00,$0.00,,0,,,,7/25/2016 7:29:03,7/25/2016 7:29:03
414414363,16703,16,"_","365","797",1/23/2016 0:00:00,20010,"HRCC","P",$0.00,$2000.00,$0.00,,0,,,,7/26/2016 7:41:49,7/26/2016 7:41:49
429119271,15521,16,"_","63","1131",10/8/2016 0:00:00,20775,"Becker County RPM","P",$0.00,$500.00,$0.00,,0,,,,10/31/2016 21:49:30,10/31/2016 21:49:30
432189353,13320,16,"_","48","850",10/3/2016 0:00:00,20010,"HRCC","P",$0.00,$1000.00,$0.00,,0,,,,10/25/2016 16:57:39,10/25/2016 16:57:39
478832238,17011,16,"_","244","695",9/16/2016 0:00:00,20097,"Pennington County RPM","P",$0.00,$1000.00,$0.00,,0,,,,10/27/2016 8:29:46,10/27/2016 8:29:46
479813252,16324,16,"_","52","732",3/13/2016 0:00:00,20006,"DFL House Caucus","P",$0.00,$0.00,$97.20,,0,,,,7/25/2016 8:19:21,7/25/2016 8:19:21
481639575,15163,16,"_","189","1051",10/14/2016 0:00:00,20011,"DFL Senate Caucus","P",$0.00,$4000.00,$0.00,,0,,,,10/25/2016 17:17:11,10/25/2016 17:17:11
498407938,16703,16,"_","390","797",9/9/2016 0:00:00,20010,"HRCC","P",$0.00,$2500.00,$0.00,,0,,,,11/1/2016 0:22:48,11/1/2016 0:22:48
520531702,17415,16,"_","320","4568",3/30/2016 0:00:00,17904,"Bernardy, Connie  Senate Dist. 41 Committee","C",$0.00,$1000.00,$0.00,,0,,,,7/26/2016 8:00:10,7/26/2016 8:00:10
535714669,17277,16,"_","159","882",10/6/2016 0:00:00,20427,"40th Senate District DFL","P",$0.00,$5000.00,$0.00,,0,,,,11/1/2016 1:13:10,11/1/2016 1:13:10
562785359,17777,16,"_","24","888",10/3/2016 0:00:00,20006,"DFL House Caucus","P",$0.00,$5000.00,$0.00,,0,,,,11/1/2016 2:30:47,11/1/2016 2:30:47
569089048,17040,16,"_","83","1041",8/4/2016 0:00:00,20411,"44th Senate District RPM","P",$0.00,$500.00,$0.00,,0,,,,10/27/2016 9:14:12,10/27/2016 9:14:12
575820446,16324,16,"_","54","732",4/10/2016 0:00:00,20006,"DFL House Caucus","P",$0.00,$0.00,$77.76,,0,,,,7/25/2016 8:19:21,7/25/2016 8:19:21
582052439,16324,16,"_","143","732",6/8/2016 0:00:00,20006,"DFL House Caucus","P",$0.00,$0.00,$38.77,,0,,,,7/25/2016 8:19:21,7/25/2016 8:19:21
588979390,15608,16,"_","32","714",6/14/2016 0:00:00,20010,"HRCC","P",$0.00,$2000.00,$0.00,,0,,,,7/25/2016 7:49:03,7/25/2016 7:49:03
611362999,12339,16,"_","112","839",1/23/2016 0:00:00,20003,"Minn DFL State Central Committee","P",$0.00,$300.00,$0.00,,0,,,,7/25/2016 1:23:57,7/25/2016 1:23:57
615266042,15671,16,"_","4","845",9/19/2016 0:00:00,20006,"DFL House Caucus","P",$0.00,$5000.00,$0.00,,0,,,,11/1/2016 2:09:14,11/1/2016 2:09:14
616798147,17769,16,"_","106","3436",1/21/2016 0:00:00,17935,"Howe-Pullis, Joan  Senate Dist. 48 Committee","C",$0.00,$2441.25,$0.00,,0,,,,1/27/2016 12:03:04,1/27/2016 12:03:04
620269132,17685,16,"_","37","688",8/27/2016 0:00:00,20006,"DFL House Caucus","P",$0.00,$5000.00,$0.00,,0,,,,10/26/2016 9:06:25,10/26/2016 9:06:25
632665983,16324,16,"_","131","732",5/7/2016 0:00:00,20006,"DFL House Caucus","P",$0.00,$0.00,$5.00,,0,,,,7/25/2016 8:19:21,7/25/2016 8:19:21
634586392,16940,16,"_","260","3316",1/1/2016 0:00:00,17139,"Dorholt, Zachary (Zach)  House Dist. 14B Committee","C",$0.00,$500.00,$0.00,,0,,,,8/26/2016 11:40:55,8/26/2016 11:40:55
636572179,17040,16,"_","57","1404",1/5/2016 0:00:00,40742,"Freedom Club State PAC","F",$0.00,$2000.00,$0.00,,0,,,,7/25/2016 7:29:03,7/25/2016 7:29:03
641803409,15521,16,"_","66","4453",9/1/2016 0:00:00,20907,"38th Senate District RPM","P",$0.00,$0.00,$826.85,,0,,,,10/31/2016 21:49:30,10/31/2016 21:49:30
646895719,15521,16,"_","8","859",5/20/2016 0:00:00,20008,"Republican Party of Minn","P",$0.00,$200.00,$0.00,,0,,,,7/25/2016 7:21:43,7/25/2016 7:21:43
649900197,17398,16,"_","457","723",9/12/2016 0:00:00,20010,"HRCC","P",$0.00,$2500.00,$0.00,,0,,,,10/31/2016 18:22:31,10/31/2016 18:22:31
650409780,17672,16,"_","42","679",9/14/2016 0:00:00,20006,"DFL House Caucus","P",$0.00,$3000.00,$0.00,,0,,,,10/31/2016 20:28:49,10/31/2016 20:28:49
655970366,12339,16,"_","114","839",1/23/2016 0:00:00,20003,"Minn DFL State Central Committee","P",$0.00,$300.00,$0.00,,0,,,,7/25/2016 1:23:57,7/25/2016 1:23:57
667331801,15667,16,"_","159","763",9/1/2016 0:00:00,20011,"DFL Senate Caucus","P",$0.00,$10000.00,$0.00,,0,,,,10/31/2016 21:54:17,10/31/2016 21:54:17
675526604,17310,16,"_","490","860",10/19/2016 0:00:00,20011,"DFL Senate Caucus","P",$0.00,$5000.00,$0.00,,0,,,,11/1/2016 1:04:49,11/1/2016 1:04:49
704338584,17453,16,"_","92","3566",1/1/2016 0:00:00,18065,"Schoen, Dan  Senate Dist. 54 Committee","C",$0.00,$3714.73,$0.00,,0,,,,7/26/2016 8:06:04,7/26/2016 8:06:04
710625019,12339,16,"_","177","866",9/13/2016 0:00:00,20049," 4th Congressional District DFL","P",$0.00,$350.00,$0.00,,0,,,,10/28/2016 18:21:52,10/28/2016 18:21:52
741243077,16891,16,"_","145","943",7/28/2016 0:00:00,20013,"Senate Victory Fund","P",$0.00,$10000.00,$0.00,,0,,,,10/31/2016 20:26:26,10/31/2016 20:26:26
752414155,16324,16,"_","144","732",6/8/2016 0:00:00,20006,"DFL House Caucus","P",$0.00,$0.00,$7.97,,0,,,,7/25/2016 8:19:21,7/25/2016 8:19:21
757658181,16763,16,"_","33","719",8/11/2016 0:00:00,20006,"DFL House Caucus","P",$0.00,$500.00,$0.00,,0,,,,10/27/2016 20:27:02,10/27/2016 20:27:02
770641302,16680,16,"_","101","741",9/19/2016 0:00:00,20010,"HRCC","P",$0.00,$5000.00,$0.00,,0,,,,10/31/2016 21:50:26,10/31/2016 21:50:26
780294064,17393,16,"_","144","800",10/19/2016 0:00:00,20011,"DFL Senate Caucus","P",$0.00,$3500.00,$0.00,,0,,,,10/31/2016 22:30:26,10/31/2016 22:30:26
794566754,16324,16,"_","129","732",3/11/2016 0:00:00,20006,"DFL House Caucus","P",$0.00,$0.00,$81.00,,0,,,,7/25/2016 8:19:21,7/25/2016 8:19:21
846509345,16311,16,"_","143","927",9/23/2016 0:00:00,20013,"Senate Victory Fund","P",$0.00,$3500.00,$0.00,,0,,,,10/31/2016 17:09:06,10/31/2016 17:09:06
850762062,17376,16,"_","59","873",1/16/2016 0:00:00,20006,"DFL House Caucus","P",$0.00,$1000.00,$0.00,,0,,,,7/21/2016 11:03:59,7/21/2016 11:03:59
865764139,15197,16,"_","82","856",1/7/2016 0:00:00,20003,"Minn DFL State Central Committee","P",$0.00,$500.00,$0.00,,0,,,,7/19/2016 9:31:24,7/19/2016 9:31:24
887003058,17709,16,"_","846","614",1/21/2016 0:00:00,20008,"Republican Party of Minn","P",$0.00,$250.00,$0.00,,0,,,,11/1/2016 1:06:34,11/1/2016 1:06:34
951867367,16891,16,"_","157","1018",10/18/2016 0:00:00,20158,"Winona County RPM","P",$0.00,$500.00,$0.00,,0,,,,10/31/2016 20:26:26,10/31/2016 20:26:26
961950140,17409,16,"_","9","682",9/15/2016 0:00:00,20008,"Republican Party of Minn","P",$0.00,$250.00,$0.00,,0,,,,10/27/2016 16:30:23,10/27/2016 16:30:23
965501611,15731,16,"_","25","1420",8/16/2016 0:00:00,20031,"Itasca County DFL","P",$0.00,$1000.00,$0.00,,0,,,,11/1/2016 1:10:46,11/1/2016 1:10:46
1019273165,15671,16,"_","3","845",6/30/2016 0:00:00,20006,"DFL House Caucus","P",$0.00,$2000.00,$0.00,,0,,,,7/21/2016 11:31:33,7/21/2016 11:31:33
1029047437,17685,16,"_","39","713",9/13/2016 0:00:00,20050," 7th Senate District DFL","P",$0.00,$1000.00,$0.00,,0,,,,10/26/2016 9:06:25,10/26/2016 9:06:25
1037283704,12339,16,"_","176","1336",8/29/2016 0:00:00,40295,"Friends of DFL Women","F",$0.00,$1000.00,$0.00,,0,,,,10/28/2016 18:21:52,10/28/2016 18:21:52
1054114459,17011,16,"_","228","654",6/14/2016 0:00:00,20010,"HRCC","P",$0.00,$1000.00,$0.00,,0,,,,7/22/2016 14:49:14,7/22/2016 14:49:14
1057329870,16324,16,"_","210","732",8/6/2016 0:00:00,20006,"DFL House Caucus","P",$0.00,$0.00,$246.24,,0,,,,10/31/2016 21:57:22,10/31/2016 21:57:22
1058152832,17532,16,"_","100","863",9/23/2016 0:00:00,20006,"DFL House Caucus","P",$0.00,$5000.00,$0.00,,0,,,,10/28/2016 23:19:41,10/28/2016 23:19:41
1065515774,16311,16,"_","157","927",10/18/2016 0:00:00,20013,"Senate Victory Fund","P",$0.00,$1500.00,$0.00,,0,,,,10/31/2016 17:09:06,10/31/2016 17:09:06
1075738040,17383,16,"_","526","784",6/21/2016 0:00:00,20013,"Senate Victory Fund","P",$0.00,$3500.00,$0.00,,0,,,,7/26/2016 7:54:24,7/26/2016 7:54:24
1080236776,17675,16,"_","222","683",7/18/2016 0:00:00,20006,"DFL House Caucus","P",$0.00,$5000.00,$0.00,,0,,,,7/25/2016 7:08:46,7/25/2016 7:08:46
1112453790,15667,16,"_","160","763",10/3/2016 0:00:00,20011,"DFL Senate Caucus","P",$0.00,$10000.00,$0.00,,0,,,,10/31/2016 21:54:17,10/31/2016 21:54:17
1114794947,15676,16,"_","312","886",1/29/2016 0:00:00,20037,"Koochiching County DFL","P",$0.00,$1602.04,$0.00,,0,,,,1/29/2016 17:43:07,1/29/2016 17:43:07
1119474002,17309,16,"_","8","4805",8/21/2016 0:00:00,18032,"Calvert, Deborah (Deb)  Senate Dist. 44 Committee","C",$0.00,$1000.00,$0.00,,0,,,,9/19/2016 10:37:13,9/19/2016 10:37:13
1134108590,17481,16,"_","383","4689",9/27/2016 0:00:00,41133,"Capitol Leadership PAC","F",$0.00,$200.00,$0.00,,0,,,,11/1/2016 0:40:34,11/1/2016 0:40:34
1136311044,15621,16,"_","140000000368700",,9/29/2016 0:00:00,,"Senate District 61 DF:20846","O",$0.00,$1000.00,,"",0,,,,10/28/2016 15:55:01,10/28/2016 15:55:01
1182523287,17415,16,"_","321","1020",2/19/2016 0:00:00,20397," 5th Congressional District DFL","P",$0.00,$250.00,$0.00,,0,,,,7/26/2016 8:00:10,7/26/2016 8:00:10
1192393643,16374,16,"_","328","851",2/5/2016 0:00:00,20397," 5th Congressional District DFL","P",$0.00,$250.00,$0.00,,0,,,,10/27/2016 8:46:47,10/27/2016 8:46:47
1208384460,15621,16,"_","140000000368705",,8/24/2016 0:00:00,20003,"Minnesota DFL Party","P",$0.00,$1000.00,,"",0,,,,10/28/2016 15:55:01,10/28/2016 15:55:01
1219324824,17383,16,"_","545","784",10/6/2016 0:00:00,20013,"Senate Victory Fund","P",$0.00,$10000.00,$0.00,,0,,,,10/27/2016 11:09:47,10/27/2016 11:09:47
1221909232,16324,16,"_","53","732",3/19/2016 0:00:00,20006,"DFL House Caucus","P",$0.00,$0.00,$81.00,,0,,,,7/25/2016 8:19:21,7/25/2016 8:19:21
1230172751,16324,16,"_","140","732",2/10/2016 0:00:00,20006,"DFL House Caucus","P",$0.00,$0.00,$26.65,,0,,,,7/25/2016 8:19:21,7/25/2016 8:19:21
1240171569,17277,16,"_","125","708",2/26/2016 0:00:00,20011,"DFL Senate Caucus","P",$0.00,$500.00,$0.00,,0,,,,7/25/2016 17:08:44,7/25/2016 17:08:44
1242585866,17700,16,"_","540","631",10/23/2016 0:00:00,20010,"HRCC","P",$0.00,$3000.00,$0.00,,0,,,,10/31/2016 21:31:26,10/31/2016 21:31:26
1247647906,16324,16,"_","139","732",2/10/2016 0:00:00,20006,"DFL House Caucus","P",$0.00,$0.00,$19.06,,0,,,,7/25/2016 8:19:21,7/25/2016 8:19:21
1252996029,15667,16,"_","112","763",3/28/2016 0:00:00,20011,"DFL Senate Caucus","P",$0.00,$500.00,$0.00,,0,,,,7/25/2016 7:47:30,7/25/2016 7:47:30
1262081105,16246,16,"_","72","740",7/28/2016 0:00:00,20011,"DFL Senate Caucus","P",$0.00,$5000.00,$0.00,,0,,,,10/31/2016 20:31:35,10/31/2016 20:31:35
1287537746,17633,16,"_","161","625",9/21/2016 0:00:00,20006,"DFL House Caucus","P",$0.00,$1000.00,$0.00,,0,,,,10/27/2016 20:05:20,10/27/2016 20:05:20
1306098117,15621,16,"_","140000000368693",,10/17/2016 0:00:00,20006,"DFL House Caucus","P",$0.00,$10000.00,,"",0,,,,10/28/2016 15:55:01,10/28/2016 15:55:01
1320507043,16745,16,"_","54","1002",8/2/2016 0:00:00,20773,"48th Senate District RPM","P",$0.00,$250.00,$0.00,,0,,,,10/25/2016 17:01:36,10/25/2016 17:01:36
1336983937,17704,16,"_","136","3806",4/27/2016 0:00:00,18002,"Pieper, Jon  Senate Dist. 28 Committee","C",$0.00,$3865.76,$0.00,,0,,,,4/28/2016 12:47:51,4/28/2016 12:47:51
1342843358,11829,16,"_","240","1536",10/13/2016 0:00:00,20011,"DFL Senate Caucus","P",$0.00,$15000.00,$0.00,,0,,,,11/1/2016 2:13:08,11/1/2016 2:13:08
1371024628,16745,16,"_","86","719",10/20/2016 0:00:00,20010,"HRCC","P",$0.00,$5000.00,$0.00,,0,,,,10/25/2016 17:01:36,10/25/2016 17:01:36
1371623605,15521,16,"_","49","1128",9/15/2016 0:00:00,20772,"48th Senate District RPM","P",$0.00,$250.00,$0.00,,0,,,,10/31/2016 21:49:30,10/31/2016 21:49:30
1382620109,18065,16,"_","62","714",9/13/2016 0:00:00,20003,"Minn DFL State Central Committee","P",$0.00,$0.00,$900.00,,0,,,,11/1/2016 6:48:36,11/1/2016 6:48:36
1394217395,16324,16,"_","128","732",2/29/2016 0:00:00,20006,"DFL House Caucus","P",$0.00,$0.00,$59.42,,0,,,,7/25/2016 8:19:21,7/25/2016 8:19:21
1395100339,15197,16,"_","101","856",10/22/2016 0:00:00,20003,"Minn DFL State Central Committee","P",$0.00,$1000.00,$0.00,,0,,,,10/25/2016 16:48:14,10/25/2016 16:48:14
1413640960,17376,16,"_","58","872",1/16/2016 0:00:00,20003,"Minn DFL State Central Committee","P",$0.00,$500.00,$0.00,,0,,,,7/21/2016 11:03:59,7/21/2016 11:03:59
1423167242,17277,16,"_","163","708",10/19/2016 0:00:00,20011,"DFL Senate Caucus","P",$0.00,$2000.00,$0.00,,0,,,,11/1/2016 1:13:10,11/1/2016 1:13:10
1430800142,15667,16,"_","183","758",10/13/2016 0:00:00,20003,"Minn DFL State Central Committee","P",$0.00,$375.00,$0.00,,0,,,,10/31/2016 21:54:17,10/31/2016 21:54:17
1436803335,17277,16,"_","154","1221",8/30/2016 0:00:00,40295,"Friends of DFL Women","F",$0.00,$1000.00,$0.00,,0,,,,11/1/2016 1:13:10,11/1/2016 1:13:10
1444481495,17318,16,"_","257","686",10/11/2016 0:00:00,20006,"DFL House Caucus","P",$0.00,$5000.00,$0.00,,0,,,,11/1/2016 2:29:06,11/1/2016 2:29:06
1444521119,17672,16,"_","104","1194",9/15/2016 0:00:00,40295,"Friends of DFL Women","F",$0.00,$250.00,$0.00,,0,,,,10/31/2016 20:28:49,10/31/2016 20:28:49
1462079467,17011,16,"_","252","790",9/29/2016 0:00:00,20344,"Marshall County RPM","P",$0.00,$500.00,$0.00,,0,,,,10/27/2016 8:29:46,10/27/2016 8:29:46
1462533089,17040,16,"_","56","870",1/3/2016 0:00:00,20008,"Republican Party of Minn","P",$0.00,$1500.00,$0.00,,0,,,,7/25/2016 7:29:03,7/25/2016 7:29:03
1465257127,16471,16,"_","111","829",10/16/2016 0:00:00,20010,"HRCC","P",$0.00,$2500.00,$0.00,,0,,,,11/1/2016 0:09:29,11/1/2016 0:09:29
1467626699,16324,16,"_","211","732",10/10/2016 0:00:00,20006,"DFL House Caucus","P",$0.00,$0.00,$83.16,,0,,,,10/31/2016 21:57:22,10/31/2016 21:57:22
1471742078,17709,16,"_","845","615",9/19/2016 0:00:00,20010,"HRCC","P",$0.00,$2500.00,$0.00,,0,,,,11/1/2016 1:06:34,11/1/2016 1:06:34
1488015317,16324,16,"_","205","732",8/16/2016 0:00:00,20006,"DFL House Caucus","P",$0.00,$0.00,$5.00,,0,,,,10/31/2016 21:57:22,10/31/2016 21:57:22
1495983170,17376,16,"_","75","992",9/15/2016 0:00:00,20253," 8th Congressional District DFL","P",$0.00,$1500.00,$0.00,,0,,,,10/26/2016 15:15:30,10/26/2016 15:15:30
1499545606,16324,16,"_","213","732",8/6/2016 0:00:00,20006,"DFL House Caucus","P",$0.00,$0.00,$165.78,,0,,,,10/31/2016 21:57:22,10/31/2016 21:57:22
1504929651,16623,16,"_","58","933",8/2/2016 0:00:00,20773,"48th Senate District RPM","P",$0.00,$250.00,$0.00,,0,,,,10/26/2016 15:12:09,10/26/2016 15:12:09
1518538456,17124,16,"_","1401","822",9/12/2016 0:00:00,20010,"HRCC","P",$0.00,$5000.00,$0.00,,0,,,,10/31/2016 21:44:50,10/31/2016 21:44:50
1532029866,17675,16,"_","246","683",10/14/2016 0:00:00,20006,"DFL House Caucus","P",$0.00,$3000.00,$0.00,,0,,,,10/28/2016 13:30:21,10/28/2016 13:30:21
1538865097,17277,16,"_","135","708",7/18/2016 0:00:00,20011,"DFL Senate Caucus","P",$0.00,$1000.00,$0.00,,0,,,,7/25/2016 17:08:44,7/25/2016 17:08:44
1551736697,15608,16,"_","31","6949",6/30/2016 0:00:00,18079,"Jurgens, Tony  House Dist. 54B Committee","C",$0.00,$2000.00,$0.00,,0,,,,7/25/2016 7:49:03,7/25/2016 7:49:03
1554798486,15163,16,"_","130","1051",7/6/2016 0:00:00,20011,"DFL Senate Caucus","P",$0.00,$10000.00,$0.00,,0,,,,7/22/2016 13:10:07,7/22/2016 13:10:07
1570946561,15621,16,"_","140000000366547",,7/8/2016 0:00:00,20006,"DFL House Caucus","P",$0.00,$20000.00,,"",0,,,,7/25/2016 12:30:19,7/25/2016 12:30:19
1602807638,17291,16,"_",,,2/29/2016 0:00:00,20483,"62nd Senate District DFL","P",$0.00,$300.00,,,0,,,,8/9/2016 10:48:39,8/9/2016 10:48:39
1611676928,15731,16,"_","54","1410",10/17/2016 0:00:00,20011,"DFL Senate Caucus","P",$0.00,$10000.00,$0.00,,0,,,,11/1/2016 1:10:46,11/1/2016 1:10:46
1625902797,16324,16,"_","216","732",9/1/2016 0:00:00,20006,"DFL House Caucus","P",$0.00,$0.00,$143.60,,0,,,,10/31/2016 21:57:22,10/31/2016 21:57:22
1633655864,16763,16,"_","60","719",10/21/2016 0:00:00,20006,"DFL House Caucus","P",$0.00,$500.00,$0.00,,0,,,,10/27/2016 20:27:02,10/27/2016 20:27:02
1642777504,16003,16,"_","14","5775",7/22/2016 0:00:00,17896,"Sauke, Duane  House Dist. 25B Committee","C",$0.00,$2000.00,$0.00,,0,,,,10/10/2016 10:27:41,10/10/2016 10:27:41
1644228717,17520,16,"_","28","807",8/11/2016 0:00:00,20013,"Senate Victory Fund","P",$0.00,$3500.00,$0.00,,0,,,,11/1/2016 1:56:00,11/1/2016 1:56:00
1653500387,17868,16,"_","63","1071",10/14/2016 0:00:00,20013,"Senate Victory Fund","P",$0.00,$5000.00,$0.00,,0,,,,11/1/2016 1:38:33,11/1/2016 1:38:33
1664078500,15731,16,"_","44","1410",9/27/2016 0:00:00,20011,"DFL Senate Caucus","P",$0.00,$18000.00,$0.00,,0,,,,11/1/2016 1:10:46,11/1/2016 1:10:46
1667746682,15621,16,"_","140000000366546",,3/6/2016 0:00:00,20003,"Minnesota DFL Party","P",$0.00,$500.00,,"",0,,,,7/25/2016 12:30:19,7/25/2016 12:30:19
1669645366,17415,16,"_","322","4568",2/17/2016 0:00:00,17904,"Bernardy, Connie  Senate Dist. 41 Committee","C",$0.00,$4000.00,$0.00,,0,,,,7/26/2016 8:00:10,7/26/2016 8:00:10
1677566984,18055,16,"_","68","702",6/16/2016 0:00:00,20011,"DFL Senate Caucus","P",$0.00,$0.00,$500.00,,0,,,,11/1/2016 6:58:07,11/1/2016 6:58:07
1684620055,15719,16,"_","320","7063",10/16/2016 0:00:00,20872,"26th Senate District DFL","P",$0.00,$1000.00,$0.00,,0,,,,10/29/2016 9:28:36,10/29/2016 9:28:36
1688193797,17885,16,"_","111","783",9/18/2016 0:00:00,20522," 2nd Congressional District DFL","P",$0.00,$250.00,$0.00,,0,,,,10/28/2016 13:29:25,10/28/2016 13:29:25
1712540242,15621,16,"_","140000000368702",,9/26/2016 0:00:00,,"Senate District 24 DFL20799","O",$0.00,$500.00,,"",0,,,,10/28/2016 15:55:01,10/28/2016 15:55:01
1713763321,17680,16,"_","102","3785",2/13/2016 0:00:00,17953,"Lake, Victor  Senate Dist. 51 Committee","C",$0.00,$5701.59,$0.00,,0,,,,3/4/2016 11:36:31,3/4/2016 11:36:31
1717355957,17011,16,"_","240","654",8/24/2016 0:00:00,20010,"HRCC","P",$0.00,$10000.00,$0.00,,0,,,,10/27/2016 8:29:46,10/27/2016 8:29:46
1732731431,12790,16,"_","153","853",10/17/2016 0:00:00,20228,"Meeker County RPM","P",$0.00,$245.00,$0.00,,0,,,,10/31/2016 16:44:01,10/31/2016 16:44:01
1741756266,17040,16,"_","93","948",9/7/2016 0:00:00,20158,"Winona County RPM","P",$0.00,$1000.00,$0.00,,0,,,,10/27/2016 9:14:12,10/27/2016 9:14:12
1754642408,16418,16,"_","121","1411",8/30/2016 0:00:00,40295,"Friends of DFL Women","F",$0.00,$1000.00,$0.00,,0,,,,10/24/2016 13:20:46,10/24/2016 13:20:46
1757313495,17568,16,"_","1","4326",6/27/2016 0:00:00,18058,"Dornink, Gene  Senate Dist. 27 Committee","C",$0.00,$275.73,$0.00,,0,,,,6/29/2016 13:57:01,6/29/2016 13:57:01
1797008553,15667,16,"_","161","763",10/10/2016 0:00:00,20011,"DFL Senate Caucus","P",$0.00,$5000.00,$0.00,,0,,,,10/31/2016 21:54:17,10/31/2016 21:54:17
1801027162,17040,16,"_","110","1041",10/6/2016 0:00:00,20411,"44th Senate District RPM","P",$0.00,$500.00,$0.00,,0,,,,10/27/2016 9:14:12,10/27/2016 9:14:12
1821681352,17871,16,"_","136","700",10/7/2016 0:00:00,20271,"Crow Wing County DFL","P",$0.00,$500.00,$0.00,,0,,,,10/31/2016 18:30:56,10/31/2016 18:30:56
1822680379,15197,16,"_","95","856",9/29/2016 0:00:00,20003,"Minn DFL State Central Committee","P",$0.00,$5500.00,$0.00,,0,,,,10/25/2016 16:48:14,10/25/2016 16:48:14
1828799125,17490,16,"_","8","4656",9/23/2016 0:00:00,20908,"Lake of the Woods DFL","P",$0.00,$12993.71,$0.00,,0,,,,10/25/2016 16:38:13,10/25/2016 16:38:13
1832171078,15608,16,"_","28","6949",6/30/2016 0:00:00,18079,"Jurgens, Tony  House Dist. 54B Committee","C",$0.00,$0.00,$38.00,,0,,,,7/25/2016 7:49:03,7/25/2016 7:49:03
1845480644,17318,16,"_","249","686",8/23/2016 0:00:00,20006,"DFL House Caucus","P",$0.00,$3000.00,$0.00,,0,,,,11/1/2016 2:29:06,11/1/2016 2:29:06
1852373381,17481,16,"_","384","865",10/13/2016 0:00:00,20003,"Minn DFL State Central Committee","P",$0.00,$4000.00,$0.00,,0,,,,11/1/2016 0:40:34,11/1/2016 0:40:34
1854312594,17885,16,"_","30","783",1/13/2016 0:00:00,20522," 2nd Congressional District DFL","P",$0.00,$80.00,$0.00,,0,,,,10/28/2016 13:29:25,10/28/2016 13:29:25
1881642941,17682,16,"_","253","706",8/20/2016 0:00:00,20006,"DFL House Caucus","P",$0.00,$1200.00,$0.00,,0,,,,11/1/2016 1:09:57,11/1/2016 1:09:57
1884833438,16763,16,"_","25","719",5/30/2016 0:00:00,20006,"DFL House Caucus","P",$0.00,$500.00,$0.00,,0,,,,7/19/2016 9:35:31,7/19/2016 9:35:31
1888750409,17310,16,"_","488","860",9/15/2016 0:00:00,20011,"DFL Senate Caucus","P",$0.00,$10000.00,$0.00,,0,,,,11/1/2016 1:04:49,11/1/2016 1:04:49
1892141912,17696,16,"_","220","854",8/5/2016 0:00:00,20773,"48th Senate District RPM","P",$0.00,$250.00,$0.00,,0,,,,10/31/2016 23:48:21,10/31/2016 23:48:21
1910889292,16891,16,"_","158","1123",10/18/2016 0:00:00,20438,"Fillmore County RPM","P",$0.00,$1000.00,$0.00,,0,,,,10/31/2016 20:26:26,10/31/2016 20:26:26
1921873483,18039,16,"_","132","676",10/24/2016 0:00:00,20006,"DFL House Caucus","P",$0.00,$0.00,$250.00,,0,,,,10/27/2016 9:10:54,10/27/2016 9:10:54
1936062349,15667,16,"_","179","758",9/20/2016 0:00:00,20003,"Minn DFL State Central Committee","P",$0.00,$50.00,$0.00,,0,,,,10/31/2016 21:54:17,10/31/2016 21:54:17
1944913059,16471,16,"_","96","829",6/13/2016 0:00:00,20010,"HRCC","P",$0.00,$50.00,$0.00,,0,,,,11/1/2016 0:09:29,11/1/2016 0:09:29
1953459391,17460,16,"_","51","576",10/11/2016 0:00:00,20010,"HRCC","P",$0.00,$5000.00,$0.00,,0,,,,10/31/2016 22:23:47,10/31/2016 22:23:47
1964948805,17871,16,"_","140","585",10/16/2016 0:00:00,20006,"DFL House Caucus","P",$0.00,$1000.00,$0.00,,0,,,,10/31/2016 18:30:56,10/31/2016 18:30:56
1975128966,16418,16,"_","87","920",2/21/2016 0:00:00,20011,"DFL Senate Caucus","P",$0.00,$500.00,$0.00,,0,,,,7/21/2016 10:10:39,7/21/2016 10:10:39
1992145944,16324,16,"_","145","732",6/8/2016 0:00:00,20006,"DFL House Caucus","P",$0.00,$0.00,$5.31,,0,,,,7/25/2016 8:19:21,7/25/2016 8:19:21
2058389879,13320,16,"_","20","850",3/5/2016 0:00:00,20010,"HRCC","P",$0.00,$1000.00,$0.00,,0,,,,7/22/2016 14:31:57,7/22/2016 14:31:57
2072159385,15600,16,"_","121","800",9/15/2016 0:00:00,20013,"Senate Victory Fund","P",$0.00,$3500.00,$0.00,,0,,,,10/27/2016 8:54:38,10/27/2016 8:54:38
2084747804,15521,16,"_","60","1120",9/7/2016 0:00:00,20762,"49th Senate District RPM","P",$0.00,$250.00,$0.00,,0,,,,10/31/2016 21:49:30,10/31/2016 21:49:30
2102312965,15719,16,"_","313","724",9/24/2016 0:00:00,20006,"DFL House Caucus","P",$0.00,$1000.00,$0.00,,0,,,,10/29/2016 9:28:36,10/29/2016 9:28:36
2110885905,17040,16,"_","54","1615",1/3/2016 0:00:00,20864,"35th Senate District RPM","P",$0.00,$1000.00,$0.00,,0,,,,7/25/2016 7:29:03,7/25/2016 7:29:03
